isin,country,name,full_name,currency,symbol
BRABCBACNPR4,brazil,ABC BRASIL PN,Banco ABC Brasil SA,BRL,ABCB4
BRAGROACNOR7,brazil,BRASILAGRO ON,BrasilAgro - Co ON NM,BRL,AGRO3
BRRAILACNOR9,brazil,RUMO ON NM,RUMO Logistica Operadora Multimodal SA,BRL,RAIL3
BRALPAACNOR0,brazil,ALPARGATAS ON,Alpargatas SA,BRL,ALPA3
BRALPAACNPR7,brazil,ALPARGATAS PN,Alpargatas SA,BRL,ALPA4
BRALSOACNOR5,brazil,Aliansce Sonae,Aliansce Sonae Shopping Centers SA,BRL,ALSO3
BRAMARACNOR4,brazil,LOJAS MARISA ON,Marisa Lojas SA,BRL,AMAR3
BRABEVACNOR1,brazil,AMBEV S/A ON,Ambev SA,BRL,ABEV3
BRADHMACNOR9,brazil,Advanced Digital Health,Advanced Digital Health Medicina Preventiva SA,BRL,ADHM3
BRARZZACNOR3,brazil,AREZZO CO ON,Arezzo Industria e Comercio SA,BRL,ARZZ3
BRBBASACNOR3,brazil,BRASIL ON,Banco do Brasil SA,BRL,BBAS3
BRBBDCACNOR1,brazil,BRADESCO ON,Banco Bradesco SA,BRL,BBDC3
BRBBDCACNPR8,brazil,BRADESCO PN EJ N1,Banco Bradesco SA Pref,BRL,BBDC4
BRBBRKACNOR4,brazil,BR BROKERS ON,Brasil Brokers Participacoes SA,BRL,BBRK3
BRBEEFACNOR6,brazil,MINERVA ON,Minerva SA/Brazil,BRL,BEEF3
BRBPHAACNOR6,brazil,BR PHARMA ON,Brasil Pharma SA,BRL,BPHA3
BRBPANACNPR1,brazil,BANCO PAN SA PN,Banco Pan SA,BRL,BPAN4
BRBRAPACNOR5,brazil,BRADESPAR ON,Bradespar SA,BRL,BRAP3
BRBRAPACNPR2,brazil,BRADESPAR PN,Bradespar SA,BRL,BRAP4
BRBRFSACNOR8,brazil,BRF SA ON,BRF SA,BRL,BRFS3
BRAPERACNOR9,brazil,BR Insurance Corretora,BR Insurance Corretora de Seguros SA,BRL,APER3
BRBRKMACNOR1,brazil,BRASKEM ON,Braskem SA,BRL,BRKM3
BRBRKMACNPA4,brazil,BRASKEM PNA,Braskem SA,BRL,BRKM5
BRBRMLACNOR9,brazil,BR MALLS PAR ON,BR Malls Participacoes SA,BRL,BRML3
BRBRPRACNOR9,brazil,BR PROPERT ON,BR Properties SA,BRL,BRPR3
BRBRSRACNPB4,brazil,BANRISUL PNB,BANRISUL PNB N1,BRL,BRSR6
BROIBRACNOR1,brazil,OI ON N1,Oi SA,BRL,OIBR3
BROIBRACNPR8,brazil,OI PN,Oi SA Pref,BRL,OIBR4
BRBTOWACNOR8,brazil,B2W DIGITAL ON,B2W Cia Digital,BRL,BTOW3
BRB3SAACNOR6,brazil,B3 SA Brasil Bolsa Balcao,B3 SA Brasil Bolsa Balcao,BRL,B3SA3
BRCAMBACNPR1,brazil,CAMBUCI PN,Cambuci SA,BRL,CAMB4
BRCARDACNOR9,brazil,CSU CARDSYST ON,CSU Cardsystem SA,BRL,CARD3
BRCCPRACNOR9,brazil,CYRE COM-CCP ON,Cyrela Commercial Properties SA,BRL,CCPR3
BRCCROACNOR2,brazil,CCR SA ON,CCR SA,BRL,CCRO3
BRCEDOACNPR5,brazil,CEDRO PN,CEDRO PN N1,BRL,CEDO4
BRCEEDACNOR9,brazil,CEEE-D ON,CEEE-D ON N1,BRL,CEED3
BRCESPACNPB4,brazil,CESP PNB,Cia Energetica de Sao Paulo,BRL,CESP6
BRCGASACNPA3,brazil,COMGAS PNA,Companhia de Gas de Sao Paulo,BRL,CGAS5
BRCGRAACNPR9,brazil,GRAZZIOTIN PN,Grazziotin SA,BRL,CGRA4
BRCIELACNOR3,brazil,CIELO ON,Cielo SA,BRL,CIEL3
BRCMIGACNOR6,brazil,CEMIG ON,Cia Energetica de Minas Gerais,BRL,CMIG3
BRCMIGACNPR3,brazil,CEMIG PN,CEMIG - Companhia Energetica Minas Gerais Pref,BRL,CMIG4
BRCOCEACNPA3,brazil,COELCE PNA,Cia Energetica do Ceara,BRL,COCE5
BRCPFEACNOR0,brazil,CPFL ENERGIAON NM,CPFL Energia SA,BRL,CPFE3
BRCPLEACNOR8,brazil,COPEL ON,Cia Paranaense de Energia,BRL,CPLE3
BRCPLEACNPB9,brazil,COPEL PNB,Cia Paranaense de Energia,BRL,CPLE6
BRCRDEACNOR1,brazil,CR2 ON,CR2 Empreendimentos Imobiliarios SA,BRL,CRDE3
BRCSANACNOR6,brazil,COSAN ON,Cosan SA Industria e Comercio,BRL,CSAN3
BRCSMGACNOR5,brazil,COPASA ON,Cia de Saneamento de Minas Gerais,BRL,CSMG3
BRCSNAACNOR6,brazil,SID NACIONAL ON,Cia Siderurgica Nacional SA,BRL,CSNA3
BRLIQOACNOR2,brazil,Contax Participacoes,Contax Participacoes SA,BRL,LIQO3
BRCTNMACNPR6,brazil,COTEMINAS PN,COTEMINAS PN,BRL,CTNM4
BRCYREACNOR7,brazil,CYRELA REALT ON,Cyrela Brazil Realty SA,BRL,CYRE3
BRDASAACNOR1,brazil,DASA ON,Diagnosticos da America SA,BRL,DASA3
BRDIRRACNOR0,brazil,DIRECIONAL ON,Direcional Engenharia SA,BRL,DIRR3
BRDTEXACNOR3,brazil,DURATEX ON,Duratex SA,BRL,DTEX3
BRECORACNOR8,brazil,ECORODOVIAS ON,EcoRodovias SA,BRL,ECOR3
BREEELACNOR8,brazil,CEEE-GT ON,CEEE-GT ON N1,BRL,EEEL3
BRELEKACNPR2,brazil,ELEKEIROZ PN,Elekeiroz SA,BRL,ELEK4
BRELETACNOR6,brazil,ELETROBRAS ON,Centrais Eletricas Brasileiras SA,BRL,ELET3
BRELETACNPB7,brazil,ELETROBRAS PNB,Centrais Eletricas Brasileiras SA,BRL,ELET6
BREMBRACNOR4,brazil,EMBRAER ON,Embraer SA,BRL,EMBR3
BRENBRACNOR2,brazil,ENERGIAS BR ON,EDP - Energias do Brasil SA,BRL,ENBR3
BRENGIACNPR7,brazil,ENERGISA PN,Energisa SA,BRL,ENGI4
BREQTLACNOR0,brazil,EQUATORIAL ON,Equatorial Energia SA,BRL,EQTL3
BRYDUQACNOR3,brazil,YDUQS Part ON,YDUQS Part ON,BRL,YDUQ3
BRETERACNOR3,brazil,ETERNIT ON,Eternit SA,BRL,ETER3
BREUCAACNPR8,brazil,EUCATEX PN,Eucatex SA Industria e Comercio,BRL,EUCA4
BREVENACNOR8,brazil,EVEN ON,Even Construtora e Incorporadora SA,BRL,EVEN3
BREZTCACNOR0,brazil,EZTEC ON,Ez Tec SA,BRL,EZTC3
BRFESAACNPR5,brazil,FERBASA PN,Cia de Ferro Ligas da Bahia Ferbasa,BRL,FESA4
BRFHERACNOR5,brazil,FER HERINGER ON,Fertilizantes Heringer SA,BRL,FHER3
BRTASAACNPR4,brazil,Taurus Armas PN,Taurus Armas PN,BRL,TASA4
BRFLRYACNOR5,brazil,FLEURY ON,Fleury SA,BRL,FLRY3
BRFRIOACNOR2,brazil,METALFRIO ON,Metalfrio Solutions SA,BRL,FRIO3
BRTIETACNOR0,brazil,AES TIETE E ON N2,Aes Tiete Energia SA,BRL,TIET3
BRTIETACNPR7,brazil,AES TIETE E PN N2,Aes Tiete Energia SA,BRL,TIET4
BRGFSAACNOR3,brazil,GAFISA ON,Gafisa SA,BRL,GFSA3
BRGGBRACNOR1,brazil,GERDAU ON,Gerdau SA,BRL,GGBR3
BRGGBRACNPR8,brazil,GERDAU PN N1,Gerdau SA Pref,BRL,GGBR4
BRGOAUACNOR1,brazil,GERDAU MET ON,Metalurgica Gerdau SA,BRL,GOAU3
BRGOAUACNPR8,brazil,GERDAU MET PN,Metalurgica Gerdau SA,BRL,GOAU4
BRGOLLACNPR4,brazil,GOL PN N2,Gol Linhas Aereas Inteligentes SA Pref,BRL,GOLL4
BRGRNDACNOR3,brazil,GRENDENE ON,Grendene SA,BRL,GRND3
BRGSHPACNOR7,brazil,GENERALSHOPP ON,General Shopping Brasil SA,BRL,GSHP3
BRHBORACNOR3,brazil,HELBOR ON,Helbor Empreendimentos SA,BRL,HBOR3
BRHGTXACNOR9,brazil,CIA HERING ON,Cia Hering,BRL,HGTX3
BRPRIOACNOR1,brazil,PETRORIO ON NM,Petro Rio SA,BRL,PRIO3
BRHYPEACNOR0,brazil,HYPERMARCAS ON,Hypermarcas SA,BRL,HYPE3
BRIDNTACNOR5,brazil,IDEIASNET ON,IdeiasNet SA,BRL,IDNT3
BRIDVLACNPR2,brazil,INDUSVAL PN,Banco Indusval SA,BRL,IDVL4
BRIGTAACNOR5,brazil,IGUATEMI ON,IGUATEMI ON NM,BRL,IGTA3
BRMEALACNOR9,brazil,International Meal Company,International Meal Company,BRL,MEAL3
BRINEPACNOR1,brazil,INEPAR ON,Inepar SA Industria e Construcoes,BRL,INEP3
BRINEPACNPR8,brazil,INEPAR PN,Inepar SA Industria e Construcoes,BRL,INEP4
BRITSAACNOR0,brazil,ITAUSA ON,Itausa - Investimentos Itau SA,BRL,ITSA3
BRITSAACNPR7,brazil,ITAUSA PN,Itausa - Investimentos Itau SA,BRL,ITSA4
BRITUBACNOR4,brazil,ITAUUNIBANCO ON,Itau Unibanco Holding SA ON,BRL,ITUB3
BRITUBACNPR1,brazil,ITAUUNIBANCOPN EB N1,Itau Unibanco Banco Holding SA,BRL,ITUB4
BRJBSSACNOR8,brazil,JBS ON,JBS SA,BRL,JBSS3
BRJFENACNOR0,brazil,JOAO FORTES ON,Joao Fortes Engenharia SA,BRL,JFEN3
BRJHSFACNOR2,brazil,JHSF PART ON,JHSF Participacoes SA,BRL,JHSF3
BRJSLGACNOR2,brazil,JSL ON,JSL SA,BRL,JSLG3
BRKEPLACNOR1,brazil,KEPLER WEBER ON,Kepler Weber SA,BRL,KEPL3
BRKLBNACNPR9,brazil,KLABIN S/A PN,Klabin SA,BRL,KLBN4
BRLAMEACNOR9,brazil,LOJAS AMERIC ON,Lojas Americanas SA,BRL,LAME3
BRLAMEACNPR6,brazil,LOJAS AMERIC PN,Lojas Americanas SA,BRL,LAME4
BRLEVEACNOR2,brazil,METAL LEVE ON,Mahle-Metal Leve SA,BRL,LEVE3
BRLIGTACNOR2,brazil,LIGHT S/A ON,Light SA,BRL,LIGT3
BRLLISACNOR4,brazil,LE LIS BLANC ON,LE LIS BLANC ON NM,BRL,LLIS3
BRLOGNACNOR3,brazil,LOG-IN ON,Log-in Logistica Intermodal SA,BRL,LOGN3
BRLPSBACNOR0,brazil,LOPES BRASIL ON,LPS Brasil Consultoria de Imoveis,BRL,LPSB3
BRLRENACNOR1,brazil,LOJAS RENNER ON,Lojas Renner SA,BRL,LREN3
BRLUPAACNOR8,brazil,LUPATECH ON,Lupatech SA,BRL,LUPA3
BRMDIAACNOR7,brazil,M.DIASBRANCO ON,M Dias Branco SA,BRL,MDIA3
BRMGELACNPR3,brazil,MANGELS INDL PN,Mangels Industrial SA,BRL,MGEL4
BRMGLUACNOR2,brazil,MAGAZ LUIZA ON,Magazine Luiza SA,BRL,MGLU3
BRMILSACNOR2,brazil,MILLS ON,MILLS ON EJ NM,BRL,MILS3
BRMMXMACNOR2,brazil,MMX MINER ON,MMX Mineracao e Metalicos SA,BRL,MMXM3
BRENEVACNOR8,brazil,ENEVA ON NM,Eneva SA,BRL,ENEV3
BRMRFGACNOR0,brazil,MARFRIG ON,Marfrig Alimentos SA,BRL,MRFG3
BRMRVEACNOR2,brazil,MRV ON,MRV Engenharia e Participacoes SA,BRL,MRVE3
BRMTIGACNPR7,brazil,METAL IGUACU PN,Metalgrafica Iguacu SA,BRL,MTIG4
BRMULTACNOR5,brazil,MULTIPLAN ON,Multiplan SA,BRL,MULT3
BRMYPKACNOR7,brazil,IOCHP-MAXION ON,Iochpe-Maxion SA,BRL,MYPK3
BRNATUACNOR6,brazil,NATURA ON,Natura Cosmeticos SA,BRL,NATU3
BRODPVACNOR4,brazil,ODONTOPREV ON,Odontoprev SA,BRL,ODPV3
BROSXBACNOR8,brazil,OSX BRASIL ON,OSX Brasil SA,BRL,OSXB3
BRPCARACNPR0,brazil,P.ACUCAR-CBD PN,Companhia Brasileira deDistribuicao,BRL,PCAR4
BRPDGRACNOR8,brazil,PDG REALT ON,PDG Realty SA,BRL,PDGR3
BRPETRACNOR9,brazil,PETROBRAS ON,Petroleo Brasileiro SA,BRL,PETR3
BRPETRACNPR6,brazil,PETROBRAS PN,Petroleo Brasileiro SA PN,BRL,PETR4
BRPFRMACNOR1,brazil,PROFARMA ON,PROFARMA ON NM,BRL,PFRM3
BRPINEACNPR8,brazil,PINE PN,Banco Pine SA,BRL,PINE4
BRPLASACNOR2,brazil,PLASCAR PART ON,Plascar Participacoes Industriais,BRL,PLAS3
BRPMAMACNOR3,brazil,PARANAPANEMA ON,Paranapanema SA,BRL,PMAM3
BRPOMOACNOR0,brazil,MARCOPOLO ON,Marcopolo SA,BRL,POMO3
BRPOMOACNPR7,brazil,MARCOPOLO PN,Marcopolo SA,BRL,POMO4
BRPOSIACNOR9,brazil,POSITIVO INF ON,Positivo Informatica SA,BRL,POSI3
BRPSSAACNOR7,brazil,PORTO SEGURO ON,Porto Seguro SA,BRL,PSSA3
BRPTBLACNOR8,brazil,PORTOBELLO ON,Portobello SA,BRL,PTBL3
BRPTNTACNPR3,brazil,PETTENATI PN,Pettenati SA Industria Textil,BRL,PTNT4
BRENATACNOR0,brazil,Enauta ON,Enauta Participacoes SA,BRL,ENAT3
BRQUALACNOR6,brazil,QUALICORP ON,Qualicorp SA,BRL,QUAL3
BRRAPTACNOR7,brazil,RANDON PART ON,Randon Participacoes SA,BRL,RAPT3
BRRAPTACNPR4,brazil,RANDON PART PN,Randon Participacoes SA,BRL,RAPT4
BRRDNIACNOR9,brazil,RODOBENSIMOB ON,Rodobens Negocios Imobiliarios SA,BRL,RDNI3
BRRENTACNOR4,brazil,LOCALIZA ON,Localiza Rent a Car SA,BRL,RENT3
BRFRTAACNOR8,brazil,Pomifrutas,Pomifrutas SA,BRL,FRTA3
BRRNEWCDAM15,brazil,RENOVA UNT,Renova Energia SA Unit,BRL,RNEW11
BRROMIACNOR8,brazil,INDS ROMI ON,Industrias Romi SA,BRL,ROMI3
BRRSIDACNOR8,brazil,ROSSI RESID ON,Rossi Residencial SA,BRL,RSID3
BRSANBCDAM13,brazil,SANTANDER BR UNT,Banco Santander Brasil SA Unit,BRL,SANB11
BRSBSPACNOR5,brazil,SABESP ON,Cia de Saneamento Basico do Estado,BRL,SBSP3
BRSCARACNOR7,brazil,SAO CARLOS ON,SAO CARLOS ON NM,BRL,SCAR3
BRSGPSACNOR4,brazil,SPRINGS ON,Springs Global Participacoes SA,BRL,SGPS3
BRSHOWACNOR7,brazil,TIME FOR FUN ON,T4F Entretenimento SA,BRL,SHOW3
BRSLCEACNOR2,brazil,SLC AGRICOLA ON,SLC Agricola SA,BRL,SLCE3
BRSLEDACNPR7,brazil,SARAIVA LIVR PN,Saraiva SA Livreiros Editores,BRL,SLED4
BRSMTOACNOR3,brazil,SAO MARTINHO ON,Sao Martinho SA,BRL,SMTO3
BRSULACDAM12,brazil,SUL AMERICA UNT,Sul America SA,BRL,SULA11
BREGIEACNOR9,brazil,ENGIE BRASILON NM,Engie Brasil Energia SA,BRL,EGIE3
BRTCSAACNOR3,brazil,TECNISA ON,Tecnisa SA,BRL,TCSA3
BRTECNACNOR6,brazil,TECHNOS ON,Technos SA,BRL,TECN3
BRTEKAACNPR3,brazil,TEKA PN,Teka Tecelagem Kuehnrich SA,BRL,TEKA4
BRTGMAACNOR7,brazil,TEGMA ON,Tegma Gestao Logistica,BRL,TGMA3
BRTIMPACNOR1,brazil,TIM PART S/A ON,Tim Participacoes SA,BRL,TIMP3
BRTOTSACNOR8,brazil,TOTVS ON,Totvs SA,BRL,TOTS3
BRTPISACNOR8,brazil,TRIUNFO PART ON,TRIUNFO PART ON NM,BRL,TPIS3
BRTRISACNOR4,brazil,TRISUL ON,Trisul SA,BRL,TRIS3
BRTAEECDAM10,brazil,TAESA UNT,TAESA UNT N2,BRL,TAEE11
BRTRPLACNPR1,brazil,TRAN PAULIST PN,CTEEP Cia de Transmissao de Energia,BRL,TRPL4
BRTRPNACNOR0,brazil,TARPON INV ON,Tarpon Investimentos SA,BRL,TRPN3
BRUGPAACNOR8,brazil,ULTRAPAR ON NM,Ultrapar Participacoes SA,BRL,UGPA3
BRUNIPACNOR7,brazil,UNIPAR ON,Unipar Carbocloro SA,BRL,UNIP3
BRUNIPACNPB8,brazil,UNIPAR PNB,Unipar Carbocloro SA,BRL,UNIP6
BRUSIMACNOR3,brazil,USIMINAS ON,Usinas Siderurgicas de Minas Gerais,BRL,USIM3
BRUSIMACNPA6,brazil,USIMINAS PNA,Usinas Siderurgicas de Minas Gerais,BRL,USIM5
BRTESAACNOR9,brazil,TERRA SANTA ON,Terra Santa Agro SA,BRL,TESA3
BRVALEACNOR0,brazil,VALE ON,Vale SA,BRL,VALE3
BRVIVRACNOR4,brazil,VIVER ON,Viver Incorporadora e Construtora,BRL,VIVR3
BRVIVTACNOR0,brazil,TELEF BRASIL ON,Telefonica Brasil SA,BRL,VIVT3
BRVIVTACNPR7,brazil,TELEF BRASIL PN,Telefonica Brasil SA,BRL,VIVT4
BRVLIDACNOR5,brazil,VALID ON,VALID ON NM,BRL,VLID3
BRWEGEACNOR0,brazil,WEG ON,WEG SA,BRL,WEGE3
BRBRSRACNPA6,brazil,BANRISUL PNA,BANRISUL PNA N1,BRL,BRSR5
BRCESPACNPA6,brazil,CESP PNA,Cia Energetica de Sao Paulo,BRL,CESP5
BRELPLACNOR9,brazil,ELETROPAULO ON,ELETROPAULO ON N2,BRL,ELPL3
BRSANBACNPR5,brazil,SANTANDER BRPN,Banco Santander Brasil SA,BRL,SANB4
BRSTBPACNOR3,brazil,Santos Brasil Participacoes,Santos Brasil Participacoes SA,BRL,STBP3
BRCCXCACNOR5,brazil,CCX CARVAO ON,CCX Carvao da Colombia SA,BRL,CCXC3
BRCESPACNOR3,brazil,CESP ON,Cia Energetica de Sao Paulo,BRL,CESP3
BRCGRAACNOR2,brazil,GRAZZIOTIN ON,Grazziotin SA,BRL,CGRA3
BRCLSCACNPR3,brazil,CELESC PN,Celesc SA,BRL,CLSC4
BRCOCEACNOR0,brazil,COELCE ON,Cia Energetica do Ceara,BRL,COCE3
BRTASAACNOR7,brazil,Taurus Armas ON,Taurus Armas ON,BRL,TASA3
BRCOGNACNOR2,brazil,Cogna Educacao,Cogna Educacao,BRL,COGN3
BRLCAMACNOR3,brazil,LOCAMERICA ON NM,Cia de Locacao das Americas,BRL,LCAM3
BRRADLACNOR0,brazil,RAIADROGASIL ON,Raia Drogasil SA,BRL,RADL3
BRUCASACNOR1,brazil,UNICASA ON,UNICASA Industria de Moveis SA,BRL,UCAS3
BRALUPCDAM15,brazil,Alupar Invest Unit,Alupar Investimento SA Unit,BRL,ALUP11
BRANIMACNOR6,brazil,Anima ON,Anima ON,BRL,ANIM3
BRBBSEACNOR5,brazil,BBSEGURIDADE ON NM,BB Seguridade Participacoes SA,BRL,BBSE3
BRBSEVACNOR3,brazil,Biosev ON,Biosev ON,BRL,BSEV3
BRCPREACNOR5,brazil,CPFL RENOVAVON NM,Cpfl Renovav ON,BRL,CPRE3
BRCVCBACNOR1,brazil,CVC BRASIL ON NM,Cvc Brasil ON,BRL,CVCB3
BRLINXACNOR0,brazil,LINX ON NM,Linx ON,BRL,LINX3
BRSEERACNOR5,brazil,Ser Educa ON,Ser Educa ON,BRL,SEER3
BRSMLSACNOR1,brazil,Smiles Fidelidade,Smiles Fidelidade SA,BRL,SMLS3
BRTUPYACNOR1,brazil,Tupy ON,Tupy ON,BRL,TUPY3
BRSQIAACNOR6,brazil,Senior Solution,Senior Solution SA,BRL,SQIA3
BRBIOMACNOR2,brazil,Biomm On,Biomm On,BRL,BIOM3
BRKLBNCDAM18,brazil,KLABIN S/A UNT N2,Klabin Unt,BRL,KLBN11
BRNUTRACNOR0,brazil,Nutriplant,Nutriplant,BRL,NUTR3
BRBAZAACNOR0,brazil,Banco da Amazonia SA ON,Banco da Amazonia SA ON,BRL,BAZA3
BRTCNOACNOR5,brazil,Tecnosolo Engenharia SA ON,Tecnosolo Engenharia SA ON,BRL,TCNO3
BRSANBACNOR8,brazil,SANTANDER BRON,Banco Santander SA B3,BRL,SANB3
BRSEDUACNOR1,brazil,SOMOS EDU S/A ON,Somos Educacao SA,BRL,SEDU3
BRFRASACNOR0,brazil,Fras Le SA,Fras Le SA,BRL,FRAS3
BRGEPAACNPR9,brazil,Duke Energy Intl Geracao Para,Duke Energy Intl Geracao Para,BRL,GEPA4
BROFSAACNOR7,brazil,Ouro Fino Saude Animal Particip,Ouro Fino Saude Animal Particip,BRL,OFSA3
BRRLOGACNOR4,brazil,Cosan Logistica SA,Cosan Logistica SA,BRL,RLOG3
BRTOYBACNOR4,brazil,Tec Toy SA,Tec Toy SA,BRL,TOYB3
BRWIZSACNOR1,brazil,FPC Par Corretora De Seguros,FPC Par Corretora De Seguros S/A,BRL,WIZS3
BRGUARACNOR4,brazil,Guararapes Confeccoes ON,Guararapes Confeccoes SA,BRL,GUAR3
BRIGBRACNOR7,brazil,Gradiente Electronica SA,Gradiente Electronica SA,BRL,IGBR3
BRTELBACNPR9,brazil,Telecomunicacoes Brasileira SA Pref,Telecomunicacoes Brasileiras SA Telebras Pref,BRL,TELB4
BRWHRLACNOR5,brazil,Whirlpool SA,Whirlpool SA,BRL,WHRL3
BRSHULACNPR4,brazil,Schulz SA,Schulz SA,BRL,SHUL4
BRATOMACNOR1,brazil,Atom Participacoes,Atom Participacoes SA em Recuperacao Judicial,BRL,ATOM3
BRTIETCDAM15,brazil,AES TIETE E UNT N2,AES Tiete Energia SA,BRL,TIET11
BRSAPRACNPR6,brazil,Companhia de Saneamento,Companhia de Saneamento do Parana Sanepar,BRL,SAPR4
BRCRIVACNPR1,brazil,Financeira Alfa,Financeira Alfa SA CFI,BRL,CRIV4
BRRPMGACNOR9,brazil,Refinaria de Petroleos,Refinaria de Petroleos de Manguinhos SA,BRL,RPMG3
BRBRSRACNOR3,brazil,BANRISUL ON N1,Banco do Estado do Rio Grande do Sul SA,BRL,BRSR3
BRENGICDAM16,brazil,Energisa,Energisa SA,BRL,ENGI11
BRSNSYACNPA5,brazil,Sansuy,Sansuy SA Industria de Plasticos,BRL,SNSY5
BRDMMOACNOR0,brazil,Ogx Petroleo e Gas,Ogx Petroleo e Gas SA em Recuperacao Judicial,BRL,DMMO3
BRABCBR15PR9,brazil,BancoC Brasil,Banco ABC Brasil SA Pref,BRL,ABCB10
BRANIMTNO008,brazil,GAEC Educacao,GAEC Educacao SA,BRL,ANIM3T
BRAZEVACNPR7,brazil,Azevedo & Travassos Pref,Azevedo & Travassos SA Pref,BRL,AZEV4
BRBAHIACNOR1,brazil,Bahema,Bahema SA,BRL,BAHI3
BRBALMACNPR2,brazil,Baumer Pref,Baumer SA Pref,BRL,BALM4
BRBAUHACNPR3,brazil,Excelsior Alimentos Pref,Excelsior Alimentos SA pref,BRL,BAUH4
BRBDLLACNPR8,brazil,Bardella Pref,Bardella SA Industrias Mecanicas Pref,BRL,BDLL4
BRBEESACNOR9,brazil,Banestes,Banestes SA Banco do Estado do Espirito Santo,BRL,BEES3
BRBEESACNPR6,brazil,Banestes Pref,Banestes SA Banco do Estado do Espirito Santo Pref,BRL,BEES4
BRBGIPACNPR8,brazil,Banese Pref,Banco do Estado de Sergipe SA Pref,BRL,BGIP4
BRBMEBACNOR8,brazil,Mercantil do Brasil,Banco Mercantil do Brasil SA,BRL,BMEB3
BRBMEBACNPR5,brazil,Mercantil do Brasil Pref,Banco Mercantil do Brasil SA Pref,BRL,BMEB4
BRBMINACNOR4,brazil,Mercantil de Investimentos,Banco Mercantil de Investimentos SA,BRL,BMIN3
BRBMINACNPR1,brazil,Mercantil de Investimentos Pref,Banco Mercantil de Investimentos SA Pref,BRL,BMIN4
BRBMKSACNOR9,brazil,Bicicletas Monark,Bicicletas Monark SA,BRL,BMKS3
BRBNBRACNOR8,brazil,BNB,Banco do Nordeste do Brasil SA,BRL,BNBR3
BRBOBRACNPR3,brazil,Bombril,Bombril SA,BRL,BOBR4
BRBRIVACNOR6,brazil,Banco Alfa,Banco Alfa de Investimento SA,BRL,BRIV3
BRBRIVACNPR3,brazil,Banco Alfa Pref,Banco Alfa de Investimento SA Pref,BRL,BRIV4
BRBSLIACNPR2,brazil,BRB Pref,BRB Banco de Brasilia SA Pref,BRL,BSLI4
BRBTTLACNOR0,brazil,Battistella Administracao,Battistella Administracao e Participacoes SA,BRL,BTTL3
BRCBEEACNOR3,brazil,Ampla,Ampla Energia e Servicos SA,BRL,CBEE3
BRCEEBACNOR3,brazil,Coelba,Companhia de Eletricidade do Estado da Bahia Coelba,BRL,CEEB3
BRCEEBACNPA6,brazil,Coelba Pref,Companhia de Eletricidade do Estado da Bahia Coelba Pref,BRL,CEEB5
BRCELPACNOR8,brazil,CELPA,Centrais Eletricas do Para SA CELPA,BRL,CELP3
BRCELPACNPA1,brazil,CELPA Pref,Centrais Eletricas do Para SA CELPA Pref,BRL,CELP5
BRCEPEACNPA6,brazil,Celpe Pref,Companhia Energetica de Pernambuco Celpe Pref,BRL,CEPE5
BRCGASACNOR0,brazil,Comgas,Companhia de Gas de Sao Paulo Comgas,BRL,CGAS3
BRCPRETNO007,brazil,CPFL Renovaveis,CPFL Energias Renovaveis SA,BRL,CPRE3T
BRCRIVACNOR4,brazil,Financeira Alfa ORD,Financeira Alfa SA CFI ORD,BRL,CRIV3
BRCRPGACNPA3,brazil,Cristal Pigmentos do Brasil Pref A,Cristal Pigmentos do Brasil SA Pref A,BRL,CRPG5
BRCRPGACNPB1,brazil,Cristal Pigmentos do Brasil Pref B,Cristal Pigmentos do Brasil SA Pref B,BRL,CRPG6
BRCSRNACNOR0,brazil,Cosern,Companhia Energetica do Rio Grande do Norte Cosern,BRL,CSRN3
BRCTKAACNPR7,brazil,Karsten Pref,Karsten SA Pref,BRL,CTKA4
BRCTNMACNOR9,brazil,COTEMINAS,Companhia de Tecidos Norte de Minas COTEMINAS,BRL,CTNM3
BRCTSAACNOR3,brazil,Santanense,Companhia Tecidos Santanense,BRL,CTSA3
BRCTSAACNPR0,brazil,Santanense Pref,Companhia Tecidos Santanense Pref,BRL,CTSA4
BRCVCBTNO003,brazil,CVC Viagens,CVC Brasil Operadora e Agencia de Viagens SA,BRL,CVCB3T
BRDOHLACNPR9,brazil,Dohler Pref,Dohler SA Pref,BRL,DOHL4
BRDTCYACNOR5,brazil,Dtcom,Dtcom Direct to Company SA,BRL,DTCY3
BREALTACNPR1,brazil,Electro Aco Altona Pref,Electro Aco Altona SA,BRL,EALT4
BREKTRACNPR7,brazil,Elektro Pref,Elektro Eletricidade e Servicos SA,BRL,EKTR4
BRELEKACNOR5,brazil,Elekeiroz,Elekeiroz SA,BRL,ELEK3
BREMAEACNPR1,brazil,EMAE Pref,EMAE Empresa Metropolitana de Aguas e Energia SA,BRL,EMAE4
BRENGIACNOR0,brazil,Energisa ORD,Energisa SA ORD,BRL,ENGI3
BRENMTACNOR5,brazil,Energisa MT,Energisa Mato Grosso Distribuidora de Energia SA,BRL,ENMT3
BRESTRACNPR0,brazil,Brinquedos Estrela,Manufatura de Brinquedos Estrela SA,BRL,ESTR4
BRFESAACNOR8,brazil,Ferbasa,Companhia de Ferro Ligas da Bahia Ferbasa,BRL,FESA3
BRGPCPACNOR4,brazil,GPC Participacoes,GPC Participacoes SA em Recuperacao Judicial,BRL,GPCP3
BRHAGAACNPR4,brazil,Haga Pref,Haga SA Industria e Comercio Pref,BRL,HAGA4
BRHBTSACNPA3,brazil,Habitasul Pref,Companhia Habitasul de Participacoes,BRL,HBTS5
BRHETAACNPR9,brazil,Hercules Pref,Hercules SA Fabrica De Talheres,BRL,HETA4
BRHOOTACNPR9,brazil,Hoteis Othon,Hoteis Othon SA,BRL,HOOT4
BRIDVLACNOR5,brazil,BI&P,Banco Indusval SA,BRL,IDVL3
BRJBDUACNOR6,brazil,Industrias JBDuarte,Industrias JB Duarte SA,BRL,JBDU3
BRJBDUACNPR3,brazil,Industrias JBDuarte Pref,Industrias JB Duarte SA Pref,BRL,JBDU4
BRJOPAACNOR5,brazil,Josapar Joaquim Oliveira,Josapar Joaquim Oliveira SA Participacoes,BRL,JOPA3
BRJOPAACNPR2,brazil,Josapar Joaquim Oliveira Pref,Josapar Joaquim Oliveira SA Participacoes Pref,BRL,JOPA4
BRKLBNACNOR2,brazil,KLABIN S/A ON N2,Klabin SA,BRL,KLBN3
BRMENDACNPA2,brazil,Mendes Junior Engenharia,Mendes Junior Engenharia SA,BRL,MEND5
BRMNDLACNOR4,brazil,Mundial,Mundial SA Produtos de Consumo,BRL,MNDL3
BRMNPRACNOR5,brazil,Minupar Participacoes,Minupar Participacoes SA,BRL,MNPR3
BRMTSAACNPR9,brazil,METISA Pref,METISA Metalurgica Timboense SA Pref,BRL,MTSA4
BRMWETACNPR3,brazil,Wetzel Pref,Wetzel SA Pref,BRL,MWET4
BRDMMOTNO002,brazil,Ogx Petroleo e Gas,Ogx Petroleo e Gas SA em Recuperacao Judicial,BRL,DMMO3T
BRPEABACNPR0,brazil,Alianca da Bahia Pref,Companhia de Participacoes Alianca da Bahia,BRL,PEAB4
BRPNVLACNOR9,brazil,Dimed,Dimed SA Distribuidora De Medicamentos,BRL,PNVL3
BRPNVLACNPR6,brazil,Dimed Pref,Dimed SA Distribuidora De Medicamentos Pref,BRL,PNVL4
BRRANIACNOR5,brazil,Celulose Irani,Celulose Irani SA,BRL,RANI3
BRRANIACNPR2,brazil,Celulose Irani Pref,Celulose Irani SA Pref,BRL,RANI4
BRRCSLACNOR4,brazil,Recrusul,Recrusul SA,BRL,RCSL3
BRRCSLACNPR1,brazil,Recrusul Pref,Recrusul SA Pref,BRL,RCSL4
BRREDEACNOR7,brazil,Rede Energia,Rede Energia SA,BRL,REDE3
BRRPADACNPA4,brazil,Alfa Holdings Pref A,Alfa Holdings SA Pref A,BRL,RPAD5
BRRPADACNPB2,brazil,Alfa Holdings Pref B,Alfa Holdings SA Pref B,BRL,RPAD6
BRSEERTNO007,brazil,Ser Educacional,Ser Educacional SA,BRL,SEER3T
BRWLMMACNOR6,brazil,WLM Industria e Comercio,WLM Industria e Comercio SA,BRL,WLMM3
BRWLMMACNPR3,brazil,WLM Industria e Comercio,WLM Industria e Comercio SA,BRL,WLMM4
BRSLEDACNOR0,brazil,Saraiva,Saraiva SA Livreiros Editores,BRL,SLED3
BRSMLSTNO003,brazil,Smiles Fidelidade,Smiles Fidelidade SA,BRL,SMLS3T
BRSONDACNPA8,brazil,Sondotecnica Pref A,Sondotecnica Engenharia de Solos SA Pref A,BRL,SOND5
BRSONDACNPB6,brazil,Sondotecnica Pref B,Sondotecnica Engenharia de Solos SA Pref B,BRL,SOND6
BRSPRIACNOR2,brazil,Springer,Springer SA,BRL,SPRI3
BRTCNOACNPR2,brazil,Tecnosolo Pref,Tecnosolo Engenharia SA,BRL,TCNO4
BRTELBACNOR2,brazil,Telebras,Telecomunicacoes Brasileiras SA Telebras,BRL,TELB3
BRTOYBACNPR1,brazil,Tec Toy Pref,Tec Toy SA Pref,BRL,TOYB4
BRTRPLACNOR4,brazil,CTEEP,CTEEP Companhia de Transmissao de Energia Eletrica Paulista,BRL,TRPL3
BRUNIPACNPA0,brazil,Unipar Carbocloro Pref,Unipar Carbocloro SA Pref,BRL,UNIP5
BRUSIMACNPB4,brazil,USIMINAS PNB,Usinas Siderurgicas de Minas Gerais SA Usiminas Pref,BRL,USIM6
BRVULCACNOR2,brazil,Vulcabras Azaleia,Vulcabras Azaleia SA,BRL,VULC3
BRVVARACNOR1,brazil,Via Varejo,Via Varejo SA,BRL,VVAR3
BRWHRLACNPR2,brazil,Whirlpool Pref,Whirlpool SA Pref,BRL,WHRL4
BRMRSAACNPB7,brazil,MRS Logistica B,MRS Logistica SA Class B,BRL,MRSA6BF
BRENMAACNOR5,brazil,CEMAR,Companhia Energetica do Maranhao CEMAR,BRL,ENMA3B
BRAALRACNOR6,brazil,Centro de Imagem Diagnosticos,Centro de Imagem Diagnosticos SA,BRL,AALR3
BRAFLTACNOR1,brazil,Afluente Transmissao de Energia,Afluente Transmissao de Energia Eletrica SA,BRL,AFLT3
BRBGIPACNOR1,brazil,Banco do Estado de Sergipe,Banco do Estado de Sergipe SA,BRL,BGIP3
BRCEBRACNOR5,brazil,CEB,Companhia Energetica de Brasilia CEB,BRL,CEBR3
BRCEDOACNOR8,brazil,Cedro Cachoeira,Companhia de Fiacao e Tecidos Cedro Cachoeira,BRL,CEDO3
BRGPARACNOR4,brazil,Celgpar,Companhia Celg de Participacoes Celgpar,BRL,GPAR3
BRMAPTACNOR8,brazil,Cemepe Investimentos,Cemepe Investimentos SA,BRL,MAPT3
BRMMXMTRV000,brazil,MMX Mineracao e Metalicos,MMX Mineracao e Metalicos SA,BRL,MMXM11
BRPATIACNPR3,brazil,Panatlantica,Panatlantica SA,BRL,PATI4
BRRPADACNOR1,brazil,Alfa Holdings,Alfa Holdings SA,BRL,RPAD3
BRVSPTACNOR1,brazil,Ferrovia Centro Atlantica,Ferrovia Centro Atlantica SA,BRL,VSPT3
BRPOMOR02PR0,brazil,Marcopolo,Marcopolo SA Pref,EUR,POMO10
BRMOVIACNOR0,brazil,Movida Participacoes,Movida Participacoes SA,BRL,MOVI3
BRPARDACNOR1,brazil,Instituto Hermes Pardini,Instituto Hermes Pardini SA,BRL,PARD3
BRBPACUNT006,brazil,Banco BTG,Banco BTG Pactual SA,BRL,BPAC11
BRPPLAUNT007,brazil,BTG Pactual Unit,BTG Pactual Participations Ltd Unit,BRL,PPLA11
BRRNEWACNOR8,brazil,Renova Energia,Renova Energia SA,BRL,RNEW3
BRRNEWACNPR5,brazil,Renova Energia Pref,Renova Energia SA Pref,BRL,RNEW4
BRAZULACNPR4,brazil,Azul SA Pref,Azul SA Pref,BRL,AZUL4
BRTENDACNOR4,brazil,Tenda,Construtora Tenda SA,BRL,TEND3
BRCRFBACNOR2,brazil,Atacadao,Atacadao SA,BRL,CRFB3
BROMGEACNOR0,brazil,Omega Geracao,Omega Geracao SA,BRL,OMGE3
BRIRBRACNOR4,brazil,IRB Brasil Resseguros,IRB Brasil Resseguros SA,BRL,IRBR3
BRGEPAACNOR2,brazil,Rio Paranapanema Energia,Rio Paranapanema Energia SA,BRL,GEPA3
BRSAPRACNOR9,brazil,SANEPAR ON N2,Companhia de Saneamento do Parana Sanepar,BRL,SAPR3
BRCAMLACNOR3,brazil,Camil Alimentos,Camil Alimentos SA,BRL,CAML3
BRSUZBACNOR0,brazil,Suzano Papel Celulose,Suzano Papel e Celulose SA,BRL,SUZB3
BRSAPRCDAM13,brazil,Parana Sanepar Unit,Companhia de Saneamento do Parana Sanepar Unit,BRL,SAPR11
BRBRDTACNOR1,brazil,Petrobras Distribuidora,Petrobras Distribuidora SA,BRL,BRDT3
BRNEOEACNOR3,brazil,NEOENERGIA,NEOENERGIA SA,BRL,NEOE3
BRBKBRACNOR4,brazil,BK BRASIL OPERACAO,BK BRASIL OPERACAO E ASSESSORIA A RESTAURANTES SA,BRL,BKBR3
BRGFSAD04OR2,brazil,Gafisa,Gafisa SA,BRL,GFSA1
BRTXRXACNPR0,brazil,Textil Renauxview Pref,Textil Renauxview SA Pref,BRL,TXRX4
BRMSPAACNOR0,brazil,Companhia Melhoramentos,Companhia Melhoramentos de Sao Paulo,BRL,MSPA3
BRHAPVACNOR4,brazil,Hapvida,Hapvida Participacoes e Investimentos,BRL,HAPV3
BRGNDIACNOR2,brazil,Notre Dame,Notre Dame Intermedica Participacoes,BRL,GNDI3
BRBIDIACNPR0,brazil,Banco Inter PN,Banco Inter SA Pref,BRL,BIDI4
BRJPSAACNOR6,brazil,Jereissati Participacoes,Jereissati Participacoes SA,BRL,JPSA3
BRTAEEACNPR6,brazil,TAEE Pref,Transmissora Alianca de Energia Eletrica SA Pref,BRL,TAEE4
BRBIDITNP002,brazil,Banco Inter PN Termo,Banco Inter PN Termo,BRL,BIDI4T
BRALUPACNOR8,brazil,Alupar Invest,Alupar Investimento SA,BRL,ALUP3
BRALUPACNPR5,brazil,Alupar Invest Pref,Alupar Investimento SA Pref,BRL,ALUP4
BRLOGGACNOR7,brazil,Log Commercial Properties,Log Commercial Properties e Participacoes SA,BRL,LOGG3
BRTASAN01PR8,brazil,Taurus Armas Right Series B,Taurus Armas Right Series B,BRL,TASA13
BRTASAN03PR4,brazil,Taurus Armas Right Series C,Taurus Armas Right Series C,BRL,TASA15
BRTASAN02PR6,brazil,Taurus Armas Right Series D,Taurus Armas Right Series D,BRL,TASA17
BRTAEEACNOR9,brazil,TAEE 3,Transmissora Alianca de Energia Eletrica SA,BRL,TAEE3
BRDMMON01OR4,brazil,Dommo Energia,Dommo Energia SA,BRL,DMMO11
BRAZEVACNOR0,brazil,Azevedo Travassos,Azevedo & Travassos SA,BRL,AZEV3
BRAHEBACNOR0,brazil,Sao Paulo Turismo,Sao Paulo Turismo SA,BRL,AHEB3
BRBALMACNOR5,brazil,Baumer,Baumer SA,BRL,BALM3
BRBPACACNOR7,brazil,Banco BTG Pactual,Banco BTG Pactual SA,BRL,BPAC3
BREALTACNOR4,brazil,Electro Aco Altona,Electro Aco Altona SA,BRL,EALT3
BRECPRACNOR5,brazil,Encorpar,Empresa Nacional de Comercio Redito e Participacoes SA Encorpar,BRL,ECPR3
BRHAGAACNOR7,brazil,Haga Industria Comercio,Haga SA Industria e Comercio,BRL,HAGA3
BRITECACNOR6,brazil,Itautec,Itautec SA Grupo Itautec,BRL,ITEC3
BRLIPRACNOR7,brazil,Eletrobras Eletropar,Eletrobras Participacoes SA Eletropar,BRL,LIPR3
BRPATIACNOR6,brazil,Panatlantica,Panatlantica SA,BRL,PATI3
BRPEABACNOR3,brazil,Alianca Bahia,Companhia de Participacoes Alianca da Bahia,BRL,PEAB3
BRSULAACNOR2,brazil,Sul America Pref,Sul America SA Pref,BRL,SULA3
BRBPACACNPA0,brazil,Banco BTG Pactual Pref,Banco BTG Pactual SA Pref,BRL,BPAC5
BRBRGEACNPE1,brazil,Alfa Administracao Pref E,Consorcio Alfa de Administracao SA Pref Series E,BRL,BRGE11
BRBRGEACNPF8,brazil,Alfa Administracao Pref F,Consorcio Alfa de Administracao SA Pref Series F,BRL,BRGE12
BRBRGEACNPB7,brazil,Alfa Administracao Pref,Consorcio Alfa de Administracao SA Pref,BRL,BRGE6
BRCELPACNPB9,brazil,Eletricas Para CELPA Pref B,Centrais Eletricas do Para SA CELPA Pref Series B,BRL,CELP6
BRCELPACNPC7,brazil,Eletricas Para CELPA Pref  C,Centrais Eletricas do Para SA CELPA Pref Series C,BRL,CELP7
BRCORRACNPR7,brazil,Correa Ribeiro,Correa Ribeiro SA Comercio e Industria,BRL,CORR4
BREEELACNPR5,brazil,Estadual Geracao Transmissao,Companhia Estadual de Geracao e Transmissao de Energia Eletrica CEEE GT,BRL,EEEL4
BRENMTACNPR2,brazil,Energisa Mato Grosso,Energisa Mato Grosso Distribuidora de Energia SA,BRL,ENMT4
BRLUXMACNPR4,brazil,Trevisa Invest,Trevisa Investimentos SA,BRL,LUXM4
BRMENDACNPB0,brazil,Mendes Junior,Mendes Junior Engenharia SA,BRL,MEND6
BRMERCACNPR9,brazil,Mercantil Brasil Financeira,Mercantil do Brasil Financeira SA Credito Financiamento e Investimentos,BRL,MERC4
BRRSULACNPR3,brazil,Metalurgica Riosulense,Metalurgica Riosulense SA,BRL,RSUL4
BRSULAACNPR9,brazil,Sul America,Sul America SA,BRL,SULA4
BRBEEFN02OR8,brazil,Minerva,Minerva SA,BRL,BEEF11
BRJBDUD16OR9,brazil,Industrias JB Duarte Right 1,Industrias JB Duarte SA Right 1,BRL,JBDU1
BRJBDUD16PR6,brazil,Industrias JB Duarte Right 2,Industrias JB Duarte SA Right 2,BRL,JBDU2
BRLOGNN01OR7,brazil,Log-in Logistica Right,Log-in Logistica Intermodal SA Right,BRL,LOGN12
BRMYPKN02OR9,brazil,Iochpe Maxion Right 12,Iochpe Maxion SA Right 12,BRL,MYPK12
BRCNTOACNOR5,brazil,Grupo SBF,Grupo SBF,BRL,CNTO3
BRVAMOACNOR7,brazil,Grupo Vamos,Grupo Vamos SA,BRL,VAMO3
BRCAMBR03PR2,brazil,Cambuci Pref,Cambuci SA Pref,BRL,CAMB10
BRIDVLR05OR1,brazil,Banco Indusval,Banco Indusval SA,BRL,IDVL9
BRMOARACNOR5,brazil,Monteiro Aranha,Monteiro Aranha SA,BRL,MOAR3
BRMRSAACNOR6,brazil,MRS Logistica,MRS Logistica SA,BRL,MRSA3B
BRBIDICDAXX3,brazil,Banco Inter Unit,Banco Inter Unit,BRL,BIDI11
BRBIDIACNOR3,brazil,Banco Inter ON,Banco Inter ON,BRL,BIDI3
BRTIETD02PR0,brazil,Aes Tiete Energia Pref Rights,Aes Tiete Energia Pref Rights,BRL,TIET2
BRVIVAACNOR0,brazil,Vivara,Vivara Participacoes SA,BRL,VIVA3
BRCEABACNOR1,brazil,C A Modas SA,C A Modas SA,BRL,CEAB3
BRBMGBCDAM17,brazil,Banco BMG Unit,Banco BMG Unit,BRL,BMGB11
BRBMGBACNPR0,brazil,Banco BMG ON,Banco BMG ON,BRL,BMGB4
